회사명,거래소코드,회계년도,회계감사법인,링크
(주)BNK금융지주,138930,18-Dec,삼일회계법인,http://dart.fss.or.kr/report/viewer.do?rcpNo=20190401004838&dcmNo=6617050&eleId=4&offset=59800&length=270466&dtd=dart3.xsd
(주)DB하이텍,990,18-Dec,삼정회계법인,http://dart.fss.or.kr/report/viewer.do?rcpNo=20190329003805&dcmNo=6593105&eleId=4&offset=76885&length=359717&dtd=dart3.xsd
(주)KB금융지주,105560,18-Dec,삼일회계법인,http://dart.fss.or.kr/report/viewer.do?rcpNo=20190401004641&dcmNo=6615939&eleId=4&offset=60271&length=383097&dtd=dart3.xsd
(주)강원랜드,35250,18-Dec,한영회계법인,http://dart.fss.or.kr/report/viewer.do?rcpNo=20190401000418&dcmNo=6596992&eleId=4&offset=65166&length=323199&dtd=dart3.xsd
(주)녹십자,6280,18-Dec,한영회계법인,http://dart.fss.or.kr/report/viewer.do?rcpNo=20190401004454&dcmNo=6614842&eleId=4&offset=67821&length=388968&dtd=dart3.xsd
(주)녹십자홀딩스,5250,18-Dec,한영회계법인,http://dart.fss.or.kr/report/viewer.do?rcpNo=20190401004527&dcmNo=6615312&eleId=4&offset=73069&length=330399&dtd=dart3.xsd
(주)농심,4370,18-Dec,한영회계법인,http://dart.fss.or.kr/report/viewer.do?rcpNo=20190329002205&dcmNo=6587265&eleId=4&offset=81357&length=374123&dtd=dart3.xsd
(주)대교,19680,18-Dec,삼일회계법인,http://dart.fss.or.kr/report/viewer.do?rcpNo=20190401004798&dcmNo=6616838&eleId=4&offset=81993&length=533079&dtd=dart3.xsd
(주)대우건설,47040,18-Dec,삼일회계법인,http://dart.fss.or.kr/report/viewer.do?rcpNo=20190401003410&dcmNo=6609441&eleId=4&offset=85797&length=638779&dtd=dart3.xsd
(주)대웅제약,69620,18-Dec,한영회계법인,http://dart.fss.or.kr/report/viewer.do?rcpNo=20190401004265&dcmNo=6613748&eleId=4&offset=97087&length=383469&dtd=dart3.xsd
(주)대한항공,3490,18-Dec,안진회계법인,http://dart.fss.or.kr/report/viewer.do?rcpNo=20190401005056&dcmNo=6618274&eleId=4&offset=105708&length=571885&dtd=dart3.xsd
(주)동서,26960,18-Dec,삼일회계법인,http://dart.fss.or.kr/report/viewer.do?rcpNo=20190329003233&dcmNo=6590998&eleId=4&offset=66725&length=379889&dtd=dart3.xsd
(주)동양,1520,18-Dec,삼정회계법인,http://dart.fss.or.kr/report/viewer.do?rcpNo=20190401003691&dcmNo=6610763&eleId=4&offset=83980&length=565539&dtd=dart3.xsd
(주)동원에프앤비,49770,18-Dec,한영회계법인,http://dart.fss.or.kr/report/viewer.do?rcpNo=20190328000805&dcmNo=6577820&eleId=4&offset=66957&length=362849&dtd=dart3.xsd
(주)두산,150,18-Dec,한영회계법인,http://dart.fss.or.kr/report/viewer.do?rcpNo=20190329003598&dcmNo=6592390&eleId=4&offset=106127&length=482875&dtd=dart3.xsd
(주)락앤락,115390,18-Dec,삼정회계법인,http://dart.fss.or.kr/report/viewer.do?rcpNo=20190401004445&dcmNo=6614792&eleId=4&offset=77817&length=361963&dtd=dart3.xsd
(주)만도,204320,18-Dec,삼일회계법인,http://dart.fss.or.kr/report/viewer.do?rcpNo=20190401004735&dcmNo=6616489&eleId=4&offset=73806&length=508896&dtd=dart3.xsd
(주)무학,33920,18-Dec,대주회계법인,http://dart.fss.or.kr/report/viewer.do?rcpNo=20190401004891&dcmNo=6617336&eleId=4&offset=71975&length=303770&dtd=dart3.xsd
(주)비지에프,27410,18-Dec,삼정회계법인,http://dart.fss.or.kr/report/viewer.do?rcpNo=20190401003382&dcmNo=6609309&eleId=4&offset=83056&length=300202&dtd=dart3.xsd
(주)비지에프리테일,282330,18-Dec,삼정회계법인,http://dart.fss.or.kr/report/viewer.do?rcpNo=20190401003766&dcmNo=6611117&eleId=4&offset=80655&length=309015&dtd=dart3.xsd
(주)빙그레,5180,18-Dec,한영회계법인,http://dart.fss.or.kr/report/viewer.do?rcpNo=20190401002912&dcmNo=6607214&eleId=4&offset=65613&length=257548&dtd=dart3.xsd
(주)삼양사,145990,18-Dec,한영회계법인,http://dart.fss.or.kr/report/viewer.do?rcpNo=20190401003903&dcmNo=6611731&eleId=4&offset=79321&length=396593&dtd=dart3.xsd
(주)삼양홀딩스,70,18-Dec,한영회계법인,http://dart.fss.or.kr/report/viewer.do?rcpNo=20190401004413&dcmNo=6614606&eleId=4&offset=72520&length=351107&dtd=dart3.xsd
(주)세아베스틸,1430,18-Dec,안진회계법인,http://dart.fss.or.kr/report/viewer.do?rcpNo=20190329001845&dcmNo=6586229&eleId=4&offset=82335&length=428910&dtd=dart3.xsd
(주)셀트리온,68270,18-Dec,한영회계법인,http://dart.fss.or.kr/report/viewer.do?rcpNo=20190401004234&dcmNo=6613577&eleId=4&offset=89451&length=440924&dtd=dart3.xsd
(주)신세계,4170,18-Dec,안진회계법인,http://dart.fss.or.kr/report/viewer.do?rcpNo=20190401004311&dcmNo=6613997&eleId=4&offset=88629&length=593094&dtd=dart3.xsd
(주)신한금융지주회사,55550,18-Dec,삼정회계법인,http://dart.fss.or.kr/report/viewer.do?rcpNo=20190401004307&dcmNo=6613977&eleId=4&offset=76788&length=345451&dtd=dart3.xsd
(주)아모레퍼시픽,90430,18-Dec,삼일회계법인,http://dart.fss.or.kr/report/viewer.do?rcpNo=20190401002349&dcmNo=6604978&eleId=4&offset=79241&length=356883&dtd=dart3.xsd
(주)아모레퍼시픽그룹,2790,18-Dec,삼일회계법인,http://dart.fss.or.kr/report/viewer.do?rcpNo=20190401002539&dcmNo=6605770&eleId=4&offset=69549&length=238661&dtd=dart3.xsd
(주)에스비에스,34120,18-Dec,한영회계법인,http://dart.fss.or.kr/report/viewer.do?rcpNo=20190401002685&dcmNo=6606392&eleId=4&offset=69470&length=391036&dtd=dart3.xsd
(주)에스원,12750,18-Dec,한영회계법인,http://dart.fss.or.kr/report/viewer.do?rcpNo=20190401004677&dcmNo=6616149&eleId=4&offset=74463&length=283726&dtd=dart3.xsd
(주)에스피씨삼립,5610,18-Dec,안진회계법인,http://dart.fss.or.kr/report/viewer.do?rcpNo=20190401003336&dcmNo=6609111&eleId=4&offset=88030&length=391382&dtd=dart3.xsd
(주)엔씨소프트,36570,18-Dec,삼정회계법인,http://dart.fss.or.kr/report/viewer.do?rcpNo=20190401004640&dcmNo=6615947&eleId=4&offset=95972&length=477779&dtd=dart3.xsd
(주)엘에스,6260,18-Dec,안진회계법인,http://dart.fss.or.kr/report/viewer.do?rcpNo=20190401004913&dcmNo=6617475&eleId=4&offset=70006&length=380567&dtd=dart3.xsd
(주)엘에프,93050,18-Dec,삼정회계법인,http://dart.fss.or.kr/report/viewer.do?rcpNo=20190401001974&dcmNo=6603190&eleId=4&offset=79769&length=460354&dtd=dart3.xsd
(주)엘지,3550,18-Dec,안진회계법인,http://dart.fss.or.kr/report/viewer.do?rcpNo=20190401004643&dcmNo=6615964&eleId=4&offset=82730&length=392197&dtd=dart3.xsd
(주)엘지상사,1120,18-Dec,한영회계법인,http://dart.fss.or.kr/report/viewer.do?rcpNo=20190401001745&dcmNo=6602170&eleId=4&offset=72142&length=650639&dtd=dart3.xsd
(주)엘지생활건강,51900,18-Dec,한영회계법인,http://dart.fss.or.kr/report/viewer.do?rcpNo=20190401004774&dcmNo=6616701&eleId=4&offset=86167&length=559325&dtd=dart3.xsd
(주)엘지유플러스,32640,18-Dec,삼일회계법인,http://dart.fss.or.kr/report/viewer.do?rcpNo=20190401004240&dcmNo=6613606&eleId=4&offset=85717&length=375601&dtd=dart3.xsd
(주)엘지하우시스,108670,18-Dec,안진회계법인,http://dart.fss.or.kr/report/viewer.do?rcpNo=20190401004159&dcmNo=6613152&eleId=4&offset=79821&length=385609&dtd=dart3.xsd
(주)엘지화학,51910,18-Dec,삼일회계법인,http://dart.fss.or.kr/report/viewer.do?rcpNo=20190401003134&dcmNo=6608265&eleId=4&offset=79029&length=532115&dtd=dart3.xsd
(주)영원무역,111770,18-Dec,삼일회계법인,http://dart.fss.or.kr/report/viewer.do?rcpNo=20190401004682&dcmNo=6616187&eleId=4&offset=61742&length=389778&dtd=dart3.xsd
(주)영풍,670,18-Dec,한영회계법인,http://dart.fss.or.kr/report/viewer.do?rcpNo=20190401004367&dcmNo=6614336&eleId=4&offset=56437&length=421605&dtd=dart3.xsd
(주)오뚜기,7310,18-Dec,이현회계법인,http://dart.fss.or.kr/report/viewer.do?rcpNo=20190329002126&dcmNo=6587065&eleId=4&offset=72926&length=420787&dtd=dart3.xsd
(주)오리온,271560,18-Dec,삼일회계법인,http://dart.fss.or.kr/report/viewer.do?rcpNo=20190401000498&dcmNo=6597259&eleId=4&offset=70645&length=308210&dtd=dart3.xsd
(주)오리온홀딩스,1800,18-Dec,삼일회계법인,http://dart.fss.or.kr/report/viewer.do?rcpNo=20190401000545&dcmNo=6597449&eleId=4&offset=83786&length=314074&dtd=dart3.xsd
(주)우리은행,30,17-Dec,,http://dart.fss.or.kr/report/viewer.do?rcpNo=20190401003520&dcmNo=6609988&eleId=4&offset=98144&length=942644&dtd=dart3.xsd
(주)유니드,14830,18-Dec,한영회계법인,http://dart.fss.or.kr/report/viewer.do?rcpNo=20190329001635&dcmNo=6585620&eleId=4&offset=69608&length=442573&dtd=dart3.xsd
(주)유한양행,100,18-Dec,삼일회계법인,http://dart.fss.or.kr/report/viewer.do?rcpNo=20190401002104&dcmNo=6603833&eleId=4&offset=90956&length=363462&dtd=dart3.xsd
(주)이노션,214320,18-Dec,한영회계법인,http://dart.fss.or.kr/report/viewer.do?rcpNo=20190401004506&dcmNo=6615198&eleId=4&offset=55749&length=304455&dtd=dart3.xsd
(주)이마트,139480,18-Dec,삼일회계법인,http://dart.fss.or.kr/report/viewer.do?rcpNo=20190401004008&dcmNo=6612290&eleId=4&offset=78576&length=427044&dtd=dart3.xsd
(주)제일기획,30000,18-Dec,삼일회계법인,http://dart.fss.or.kr/report/viewer.do?rcpNo=20190401002642&dcmNo=6606230&eleId=4&offset=72065&length=370800&dtd=dart3.xsd
(주)종근당,185750,18-Dec,한영회계법인,http://dart.fss.or.kr/report/viewer.do?rcpNo=20190401004693&dcmNo=6616244&eleId=4&offset=85412&length=334046&dtd=dart3.xsd
(주)지에스,78930,18-Dec,삼일회계법인,http://dart.fss.or.kr/report/viewer.do?rcpNo=20190401004336&dcmNo=6614157&eleId=4&offset=72852&length=233141&dtd=dart3.xsd
(주)지에스리테일,7070,18-Dec,삼정회계법인,http://dart.fss.or.kr/report/viewer.do?rcpNo=20190401001023&dcmNo=6599139&eleId=4&offset=63983&length=421184&dtd=dart3.xsd
(주)카카오,35720,18-Dec,삼일회계법인,http://dart.fss.or.kr/report/viewer.do?rcpNo=20190401005013&dcmNo=6618057&eleId=4&offset=90500&length=728211&dtd=dart3.xsd
(주)케이씨씨,2380,18-Dec,한영회계법인,http://dart.fss.or.kr/report/viewer.do?rcpNo=20190329003997&dcmNo=6593825&eleId=4&offset=88798&length=621064&dtd=dart3.xsd
(주)케이티,30200,18-Dec,삼일회계법인,http://dart.fss.or.kr/report/viewer.do?rcpNo=20190401004942&dcmNo=6617644&eleId=4&offset=90256&length=509795&dtd=dart3.xsd
(주)케이티앤지,33780,18-Dec,안진회계법인,http://dart.fss.or.kr/report/viewer.do?rcpNo=20190329004247&dcmNo=6594767&eleId=4&offset=86251&length=446664&dtd=dart3.xsd
(주)팜스코,36580,18-Dec,삼일회계법인,http://dart.fss.or.kr/report/viewer.do?rcpNo=20190327001055&dcmNo=6574517&eleId=4&offset=71349&length=582847&dtd=dart3.xsd
(주)포스코,5490,18-Dec,삼정회계법인,http://dart.fss.or.kr/report/viewer.do?rcpNo=20190401002526&dcmNo=6605703&eleId=4&offset=107459&length=540746&dtd=dart3.xsd
(주)포스코대우,47050,18-Dec,한영회계법인,http://dart.fss.or.kr/report/viewer.do?rcpNo=20190401001008&dcmNo=6599079&eleId=4&offset=87246&length=622276&dtd=dart3.xsd
(주)풍산,103140,18-Dec,삼정회계법인,http://dart.fss.or.kr/report/viewer.do?rcpNo=20190401004382&dcmNo=6614424&eleId=4&offset=94307&length=446331&dtd=dart3.xsd
(주)하나금융지주,86790,18-Dec,한영회계법인,http://dart.fss.or.kr/report/viewer.do?rcpNo=20190401004351&dcmNo=6614245&eleId=4&offset=60503&length=376670&dtd=dart3.xsd
(주)한라홀딩스,60980,18-Dec,삼일회계법인,http://dart.fss.or.kr/report/viewer.do?rcpNo=20190401003495&dcmNo=6609848&eleId=4&offset=78542&length=570438&dtd=dart3.xsd
(주)한샘,9240,18-Dec,삼일회계법인,http://dart.fss.or.kr/report/viewer.do?rcpNo=20190401004239&dcmNo=6613595&eleId=4&offset=60599&length=295018&dtd=dart3.xsd
(주)한섬,20000,18-Dec,삼일회계법인,http://dart.fss.or.kr/report/viewer.do?rcpNo=20190401003176&dcmNo=6608436&eleId=4&offset=86792&length=373453&dtd=dart3.xsd
(주)한솔케미칼,14680,18-Dec,삼정회계법인,http://dart.fss.or.kr/report/viewer.do?rcpNo=20190329002337&dcmNo=6587708&eleId=4&offset=80967&length=399771&dtd=dart3.xsd
(주)한진중공업,97230,18-Dec,삼정회계법인,http://dart.fss.or.kr/report/viewer.do?rcpNo=20190401005097&dcmNo=6618443&eleId=4&offset=72665&length=452522&dtd=dart3.xsd
(주)한화,880,18-Dec,안진회계법인,http://dart.fss.or.kr/report/viewer.do?rcpNo=20190401003433&dcmNo=6609548&eleId=4&offset=77118&length=846948&dtd=dart3.xsd
(주)현대그린푸드,5440,18-Dec,삼정회계법인,http://dart.fss.or.kr/report/viewer.do?rcpNo=20190401003050&dcmNo=6607840&eleId=4&offset=61754&length=524813&dtd=dart3.xsd
(주)현대리바트,79430,18-Dec,한영회계법인,http://dart.fss.or.kr/report/viewer.do?rcpNo=20190401003206&dcmNo=6608592&eleId=4&offset=71327&length=358014&dtd=dart3.xsd
(주)현대미포조선,10620,18-Dec,삼일회계법인,http://dart.fss.or.kr/report/viewer.do?rcpNo=20190401005226&dcmNo=6619068&eleId=4&offset=70105&length=449559&dtd=dart3.xsd
(주)현대백화점,69960,18-Dec,삼일회계법인,http://dart.fss.or.kr/report/viewer.do?rcpNo=20190401003503&dcmNo=6609900&eleId=4&offset=82277&length=454675&dtd=dart3.xsd
(주)현대홈쇼핑,57050,18-Dec,삼정회계법인,http://dart.fss.or.kr/report/viewer.do?rcpNo=20190401003020&dcmNo=6607662&eleId=4&offset=66792&length=394593&dtd=dart3.xsd
(주)호텔신라,8770,18-Dec,삼정회계법인,http://dart.fss.or.kr/report/viewer.do?rcpNo=20190401003563&dcmNo=6610150&eleId=4&offset=71029&length=429553&dtd=dart3.xsd
(주)효성,4800,18-Dec,삼덕회계법인,http://dart.fss.or.kr/report/viewer.do?rcpNo=20190401002305&dcmNo=6604827&eleId=4&offset=76936&length=486648&dtd=dart3.xsd
(주)후성,93370,18-Dec,삼일회계법인,http://dart.fss.or.kr/report/viewer.do?rcpNo=20190401002191&dcmNo=6604278&eleId=4&offset=56997&length=311911&dtd=dart3.xsd
DB손해보험(주),5830,18-Dec,한영회계법인,http://dart.fss.or.kr/report/viewer.do?rcpNo=20190401004408&dcmNo=6614592&eleId=4&offset=79472&length=675269&dtd=dart3.xsd
LG이노텍(주),11070,18-Dec,삼일회계법인,http://dart.fss.or.kr/report/viewer.do?rcpNo=20190401003412&dcmNo=6609455&eleId=4&offset=75098&length=523789&dtd=dart3.xsd
LS산전(주),10120,18-Dec,안진회계법인,http://dart.fss.or.kr/report/viewer.do?rcpNo=20190401003590&dcmNo=6610269&eleId=4&offset=100527&length=575466&dtd=dart3.xsd
OCI(주),10060,18-Dec,안진회계법인,http://dart.fss.or.kr/report/viewer.do?rcpNo=20190329003340&dcmNo=6591398&eleId=4&offset=71694&length=479488&dtd=dart3.xsd
S&T모티브(주),64960,18-Dec,삼정회계법인,http://dart.fss.or.kr/report/viewer.do?rcpNo=20190228005479&dcmNo=6519624&eleId=4&offset=64435&length=315608&dtd=dart3.xsd
SK이노베이션(주),96770,18-Dec,안진회계법인,http://dart.fss.or.kr/report/viewer.do?rcpNo=20190401003274&dcmNo=6608867&eleId=4&offset=79638&length=449437&dtd=dart3.xsd
고려아연(주),10130,18-Dec,삼정회계법인,http://dart.fss.or.kr/report/viewer.do?rcpNo=20190401003964&dcmNo=6611992&eleId=4&offset=69067&length=413878&dtd=dart3.xsd
고려제강(주),2240,18-Dec,한영회계법인,http://dart.fss.or.kr/report/viewer.do?rcpNo=20190401004140&dcmNo=6613033&eleId=4&offset=69864&length=396757&dtd=dart3.xsd
그랜드코리아레저(주),114090,18-Dec,삼정회계법인,http://dart.fss.or.kr/report/viewer.do?rcpNo=20190401003200&dcmNo=6608559&eleId=4&offset=70906&length=264443&dtd=dart3.xsd
금호석유화학(주),11780,18-Dec,삼덕회계법인,http://dart.fss.or.kr/report/viewer.do?rcpNo=20190401004932&dcmNo=6617577&eleId=4&offset=74117&length=437416&dtd=dart3.xsd
금호타이어(주),73240,18-Dec,삼일회계법인,http://dart.fss.or.kr/report/viewer.do?rcpNo=20190401004613&dcmNo=6615797&eleId=4&offset=67071&length=345722&dtd=dart3.xsd
기아자동차(주),270,18-Dec,한영회계법인,http://dart.fss.or.kr/report/viewer.do?rcpNo=20190401004356&dcmNo=6614275&eleId=4&offset=79278&length=383639&dtd=dart3.xsd
남양유업(주),3920,18-Dec,삼일회계법인,http://dart.fss.or.kr/report/viewer.do?rcpNo=20190401004914&dcmNo=6617484&eleId=4&offset=79703&length=327759&dtd=dart3.xsd
남해화학(주),25860,18-Dec,한영회계법인,http://dart.fss.or.kr/report/viewer.do?rcpNo=20190401004960&dcmNo=6617716&eleId=4&offset=91166&length=357333&dtd=dart3.xsd
네이버(주),35420,18-Dec,삼일회계법인,http://dart.fss.or.kr/report/viewer.do?rcpNo=20190401004489&dcmNo=6615078&eleId=4&offset=75955&length=475919&dtd=dart3.xsd
넥센타이어(주),2350,17-Dec,,http://dart.fss.or.kr/report/viewer.do?rcpNo=20190401005208&dcmNo=6618978&eleId=4&offset=70438&length=438668&dtd=dart3.xsd
넷마블(주),251270,18-Dec,안진회계법인,http://dart.fss.or.kr/report/viewer.do?rcpNo=20190401004690&dcmNo=6616229&eleId=4&offset=68028&length=511008&dtd=dart3.xsd
대덕전자(주),8060,18-Dec,한영회계법인,http://dart.fss.or.kr/report/viewer.do?rcpNo=20190401004966&dcmNo=6617749&eleId=4&offset=76078&length=374974&dtd=dart3.xsd
대림산업(주),210,18-Dec,안진회계법인,http://dart.fss.or.kr/report/viewer.do?rcpNo=20190401005101&dcmNo=6618470&eleId=4&offset=96624&length=741251&dtd=dart3.xsd
대상(주),1680,18-Dec,한영회계법인,http://dart.fss.or.kr/report/viewer.do?rcpNo=20190401002441&dcmNo=6605330&eleId=4&offset=77677&length=539640&dtd=dart3.xsd
대우조선해양(주),42660,18-Dec,삼일회계법인,http://dart.fss.or.kr/report/viewer.do?rcpNo=20190329004102&dcmNo=6594220&eleId=4&offset=102290&length=662837&dtd=dart3.xsd
대한유화(주),6650,18-Dec,대주회계법인,http://dart.fss.or.kr/report/viewer.do?rcpNo=20190329003092&dcmNo=6590370&eleId=4&offset=67415&length=341603&dtd=dart3.xsd
동국제강(주),1230,18-Dec,삼일회계법인,http://dart.fss.or.kr/report/viewer.do?rcpNo=20190401003930&dcmNo=6611829&eleId=4&offset=80945&length=438825&dtd=dart3.xsd
동아쏘시오홀딩스(주),640,18-Dec,한울회계법인,http://dart.fss.or.kr/report/viewer.do?rcpNo=20190401004255&dcmNo=6613686&eleId=4&offset=66114&length=358244&dtd=dart3.xsd
동아에스티(주),170900,18-Dec,한울회계법인,http://dart.fss.or.kr/report/viewer.do?rcpNo=20190401004208&dcmNo=6613436&eleId=4&offset=62865&length=420546&dtd=dart3.xsd
동원시스템즈(주),14820,18-Dec,한영회계법인,http://dart.fss.or.kr/report/viewer.do?rcpNo=20190329000207&dcmNo=6581731&eleId=4&offset=72170&length=353453&dtd=dart3.xsd
두산밥캣(주),241560,18-Dec,삼일회계법인,http://dart.fss.or.kr/report/viewer.do?rcpNo=20190401004980&dcmNo=6617846&eleId=4&offset=60023&length=183850&dtd=dart3.xsd
두산인프라코어(주),42670,18-Dec,삼일회계법인,http://dart.fss.or.kr/report/viewer.do?rcpNo=20190329003895&dcmNo=6593455&eleId=4&offset=96148&length=440573&dtd=dart3.xsd
두산중공업(주),34020,18-Dec,삼정회계법인,http://dart.fss.or.kr/report/viewer.do?rcpNo=20190329003636&dcmNo=6592540&eleId=4&offset=104670&length=615789&dtd=dart3.xsd
롯데쇼핑(주),23530,18-Dec,삼정회계법인,http://dart.fss.or.kr/report/viewer.do?rcpNo=20190401004513&dcmNo=6615230&eleId=4&offset=87062&length=634250&dtd=dart3.xsd
롯데정밀화학(주),4000,18-Dec,한영회계법인,http://dart.fss.or.kr/report/viewer.do?rcpNo=20190401002360&dcmNo=6605040&eleId=4&offset=58967&length=287338&dtd=dart3.xsd
롯데지주(주),4990,18-Dec,삼일회계법인,http://dart.fss.or.kr/report/viewer.do?rcpNo=20190401002919&dcmNo=6607240&eleId=4&offset=83562&length=461251&dtd=dart3.xsd
롯데칠성음료(주),5300,18-Dec,삼일회계법인,http://dart.fss.or.kr/report/viewer.do?rcpNo=20190401004636&dcmNo=6615919&eleId=4&offset=78388&length=429765&dtd=dart3.xsd
롯데케미칼(주),11170,18-Dec,한영회계법인,http://dart.fss.or.kr/report/viewer.do?rcpNo=20190401004835&dcmNo=6617028&eleId=4&offset=111578&length=803699&dtd=dart3.xsd
롯데푸드(주),2270,18-Dec,삼일회계법인,http://dart.fss.or.kr/report/viewer.do?rcpNo=20190329004120&dcmNo=6594305&eleId=4&offset=100887&length=395670&dtd=dart3.xsd
롯데하이마트(주),71840,18-Dec,삼정회계법인,http://dart.fss.or.kr/report/viewer.do?rcpNo=20190401002981&dcmNo=6607482&eleId=4&offset=65813&length=317979&dtd=dart3.xsd
메리츠종합금융증권(주),8560,18-Dec,한영회계법인,http://dart.fss.or.kr/report/viewer.do?rcpNo=20190401003822&dcmNo=6611370&eleId=4&offset=87402&length=1015242&dtd=dart3.xsd
미래에셋대우(주),6800,18-Dec,삼정회계법인,http://dart.fss.or.kr/report/viewer.do?rcpNo=20190401004649&dcmNo=6616006&eleId=4&offset=108087&length=1030965&dtd=dart3.xsd
보령제약(주),3850,18-Dec,삼일회계법인,http://dart.fss.or.kr/report/viewer.do?rcpNo=20190329003943&dcmNo=6593625&eleId=4&offset=77574&length=450813&dtd=dart3.xsd
부광약품(주),3000,18-Dec,삼일회계법인,http://dart.fss.or.kr/report/viewer.do?rcpNo=20190329000319&dcmNo=6582015&eleId=4&offset=71853&length=362609&dtd=dart3.xsd
삼성SDI(주),6400,18-Dec,삼정회계법인,http://dart.fss.or.kr/report/viewer.do?rcpNo=20190329003979&dcmNo=6593780&eleId=4&offset=73734&length=362999&dtd=dart3.xsd
삼성물산(주),28260,18-Dec,삼일회계법인,http://dart.fss.or.kr/report/viewer.do?rcpNo=20190401004022&dcmNo=6612368&eleId=4&offset=81601&length=485594&dtd=dart3.xsd
삼성바이오로직스(주),207940,18-Dec,삼정회계법인,http://dart.fss.or.kr/report/viewer.do?rcpNo=20190401002260&dcmNo=6604598&eleId=4&offset=81428&length=430271&dtd=dart3.xsd
삼성생명보험(주),32830,18-Dec,삼일회계법인,http://dart.fss.or.kr/report/viewer.do?rcpNo=20190401003232&dcmNo=6608707&eleId=4&offset=63490&length=817047&dtd=dart3.xsd
삼성에스디에스(주),18260,18-Dec,안진회계법인,http://dart.fss.or.kr/report/viewer.do?rcpNo=20190401003968&dcmNo=6612018&eleId=4&offset=74690&length=548158&dtd=dart3.xsd
삼성엔지니어링(주),28050,18-Dec,삼일회계법인,http://dart.fss.or.kr/report/viewer.do?rcpNo=20190401004801&dcmNo=6616860&eleId=4&offset=87888&length=605091&dtd=dart3.xsd
삼성전기(주),9150,18-Dec,한영회계법인,http://dart.fss.or.kr/report/viewer.do?rcpNo=20190401003500&dcmNo=6609880&eleId=4&offset=68431&length=393750&dtd=dart3.xsd
삼성전자(주),5930,18-Dec,삼일회계법인,http://dart.fss.or.kr/report/viewer.do?rcpNo=20190401004781&dcmNo=6616739&eleId=4&offset=79161&length=476435&dtd=dart3.xsd
삼성중공업(주),10140,18-Dec,삼일회계법인,http://dart.fss.or.kr/report/viewer.do?rcpNo=20190401004680&dcmNo=6616178&eleId=4&offset=86670&length=469032&dtd=dart3.xsd
삼성증권(주),16360,18-Dec,안진회계법인,http://dart.fss.or.kr/report/viewer.do?rcpNo=20190401005163&dcmNo=6618755&eleId=4&offset=79305&length=725655&dtd=dart3.xsd
삼성카드(주),29780,18-Dec,삼일회계법인,http://dart.fss.or.kr/report/viewer.do?rcpNo=20190401003649&dcmNo=6610549&eleId=4&offset=95840&length=511204&dtd=dart3.xsd
삼성화재해상보험(주),810,18-Dec,삼정회계법인,http://dart.fss.or.kr/report/viewer.do?rcpNo=20190401004278&dcmNo=6613821&eleId=4&offset=111735&length=807517&dtd=dart3.xsd
세방전지(주),4490,18-Dec,한영회계법인,http://dart.fss.or.kr/report/viewer.do?rcpNo=20190401001699&dcmNo=6601975&eleId=4&offset=77686&length=358921&dtd=dart3.xsd
쌍용양회공업(주),3410,18-Dec,삼정회계법인,http://dart.fss.or.kr/report/viewer.do?rcpNo=20190401004206&dcmNo=6613420&eleId=4&offset=66967&length=589385&dtd=dart3.xsd
쌍용자동차(주),3620,18-Dec,삼정회계법인,http://dart.fss.or.kr/report/viewer.do?rcpNo=20190401003283&dcmNo=6608932&eleId=4&offset=77417&length=288334&dtd=dart3.xsd
씨제이(주),1040,18-Dec,삼일회계법인,http://dart.fss.or.kr/report/viewer.do?rcpNo=20190329004141&dcmNo=6594397&eleId=4&offset=75764&length=256272&dtd=dart3.xsd
씨제이대한통운(주),120,18-Dec,한영회계법인,http://dart.fss.or.kr/report/viewer.do?rcpNo=20190401004105&dcmNo=6612829&eleId=4&offset=84332&length=868942&dtd=dart3.xsd
씨제이씨지브이(주),79160,18-Dec,삼정회계법인,http://dart.fss.or.kr/report/viewer.do?rcpNo=20190401002116&dcmNo=6603897&eleId=4&offset=65488&length=471807&dtd=dart3.xsd
씨제이제일제당(주),97950,18-Dec,삼일회계법인,http://dart.fss.or.kr/report/viewer.do?rcpNo=20190401004092&dcmNo=6612756&eleId=4&offset=86046&length=502142&dtd=dart3.xsd
아이에스동서(주),10780,18-Dec,한영회계법인,http://dart.fss.or.kr/report/viewer.do?rcpNo=20190401004757&dcmNo=6616598&eleId=4&offset=70776&length=670940&dtd=dart3.xsd
에스엘(주),5850,18-Dec,한영회계법인,http://dart.fss.or.kr/report/viewer.do?rcpNo=20190401004849&dcmNo=6617127&eleId=4&offset=64282&length=417943&dtd=dart3.xsd
에스케이(주),34730,18-Dec,한영회계법인,http://dart.fss.or.kr/report/viewer.do?rcpNo=20190401004667&dcmNo=6616110&eleId=4&offset=77498&length=536928&dtd=dart3.xsd
에스케이네트웍스(주),1740,18-Dec,한영회계법인,http://dart.fss.or.kr/report/viewer.do?rcpNo=20190401003606&dcmNo=6610366&eleId=4&offset=77805&length=505432&dtd=dart3.xsd
에스케이디스커버리(주),6120,18-Dec,한영회계법인,http://dart.fss.or.kr/report/viewer.do?rcpNo=20190401003286&dcmNo=6608944&eleId=4&offset=69253&length=355767&dtd=dart3.xsd
에스케이씨(주),11790,18-Dec,삼정회계법인,http://dart.fss.or.kr/report/viewer.do?rcpNo=20190401004856&dcmNo=6617148&eleId=8&offset=111248&length=395392&dtd=dart3.xsd
에스케이케미칼(주),285130,18-Dec,한영회계법인,http://dart.fss.or.kr/report/viewer.do?rcpNo=20190401004303&dcmNo=6613958&eleId=4&offset=63802&length=488047&dtd=dart3.xsd
에스케이텔레콤(주),17670,18-Dec,삼정회계법인,http://dart.fss.or.kr/report/viewer.do?rcpNo=20190401004425&dcmNo=6614687&eleId=4&offset=102309&length=447069&dtd=dart3.xsd
에스케이하이닉스(주),660,18-Dec,삼정회계법인,http://dart.fss.or.kr/report/viewer.do?rcpNo=20190401003957&dcmNo=6611963&eleId=4&offset=71516&length=415708&dtd=dart3.xsd
에쓰-오일(주),10950,18-Dec,삼일회계법인,http://dart.fss.or.kr/report/viewer.do?rcpNo=20190401004049&dcmNo=6612498&eleId=4&offset=73582&length=368132&dtd=dart3.xsd
에이치디씨(주),12630,18-Dec,삼일회계법인,http://dart.fss.or.kr/report/viewer.do?rcpNo=20190401004630&dcmNo=6615877&eleId=4&offset=89362&length=379271&dtd=dart3.xsd
에이치디씨현대산업개발(주),294870,18-Dec,삼일회계법인,http://dart.fss.or.kr/report/viewer.do?rcpNo=20190401004227&dcmNo=6613539&eleId=4&offset=64141&length=243076&dtd=dart3.xsd
에이케이홀딩스(주),6840,18-Dec,한영회계법인,http://dart.fss.or.kr/report/viewer.do?rcpNo=20190401004433&dcmNo=6614721&eleId=4&offset=60092&length=241199&dtd=dart3.xsd
엔에이치투자증권(주),5940,18-Dec,한영회계법인,http://dart.fss.or.kr/report/viewer.do?rcpNo=20190329002251&dcmNo=6587390&eleId=4&offset=103301&length=1187303&dtd=dart3.xsd
엘아이지넥스원(주),79550,18-Dec,삼정회계법인,http://dart.fss.or.kr/report/viewer.do?rcpNo=20190401002321&dcmNo=6604891&eleId=4&offset=70261&length=367561&dtd=dart3.xsd
엘지디스플레이(주),34220,18-Dec,삼정회계법인,http://dart.fss.or.kr/report/viewer.do?rcpNo=20190401004005&dcmNo=6612277&eleId=4&offset=75988&length=403210&dtd=dart3.xsd
엘지전자(주),66570,18-Dec,삼일회계법인,http://dart.fss.or.kr/report/viewer.do?rcpNo=20190401004344&dcmNo=6614206&eleId=4&offset=77218&length=783877&dtd=dart3.xsd
영진약품(주),3520,18-Dec,안진회계법인,http://dart.fss.or.kr/report/viewer.do?rcpNo=20190401002575&dcmNo=6605933&eleId=4&offset=59562&length=329252&dtd=dart3.xsd
일양약품(주),7570,18-Dec,신한회계법인,http://dart.fss.or.kr/report/viewer.do?rcpNo=20190401003542&dcmNo=6610060&eleId=4&offset=69045&length=329705&dtd=dart3.xsd
일진머티리얼즈(주),20150,18-Dec,대주회계법인,http://dart.fss.or.kr/report/viewer.do?rcpNo=20190329001031&dcmNo=6583851&eleId=4&offset=69710&length=321445&dtd=dart3.xsd
제이더블유중외제약(주),1060,18-Dec,안진회계법인,http://dart.fss.or.kr/report/viewer.do?rcpNo=20190401004924&dcmNo=6617534&eleId=4&offset=77749&length=579717&dtd=dart3.xsd
제이더블유홀딩스(주),96760,18-Dec,삼정회계법인,http://dart.fss.or.kr/report/viewer.do?rcpNo=20190401004657&dcmNo=6616067&eleId=4&offset=81796&length=373270&dtd=dart3.xsd
중소기업은행,24110,18-Dec,삼일회계법인,http://dart.fss.or.kr/report/viewer.do?rcpNo=20190401004404&dcmNo=6614561&eleId=4&offset=76305&length=1168423&dtd=dart3.xsd
지에스건설(주),6360,18-Dec,한영회계법인,http://dart.fss.or.kr/report/viewer.do?rcpNo=20190401002616&dcmNo=6606115&eleId=4&offset=95978&length=773150&dtd=dart3.xsd
코스맥스(주),192820,18-Dec,삼덕회계법인,http://dart.fss.or.kr/report/viewer.do?rcpNo=20190401002962&dcmNo=6607422&eleId=4&offset=67477&length=436297&dtd=dart3.xsd
코오롱인더스트리(주),120110,18-Dec,삼정회계법인,http://dart.fss.or.kr/report/viewer.do?rcpNo=20190401003379&dcmNo=6609275&eleId=4&offset=104190&length=475441&dtd=dart3.xsd
코웨이(주),21240,18-Dec,한영회계법인,http://dart.fss.or.kr/report/viewer.do?rcpNo=20190401005004&dcmNo=6618009&eleId=4&offset=64686&length=439037&dtd=dart3.xsd
쿠쿠홀딩스(주),192400,18-Dec,안경회계법인,http://dart.fss.or.kr/report/viewer.do?rcpNo=20190401002732&dcmNo=6606576&eleId=4&offset=63499&length=348209&dtd=dart3.xsd
태광산업(주),3240,18-Dec,삼일회계법인,http://dart.fss.or.kr/report/viewer.do?rcpNo=20190401004723&dcmNo=6616444&eleId=4&offset=76419&length=395994&dtd=dart3.xsd
팬오션(주),28670,18-Dec,삼일회계법인,http://dart.fss.or.kr/report/viewer.do?rcpNo=20190328002043&dcmNo=6580891&eleId=4&offset=60987&length=415821&dtd=dart3.xsd
하이트진로(주),80,18-Dec,한영회계법인,http://dart.fss.or.kr/report/viewer.do?rcpNo=20190401001777&dcmNo=6602303&eleId=4&offset=68520&length=344490&dtd=dart3.xsd
한국가스공사(주),36460,18-Dec,한영회계법인,http://dart.fss.or.kr/report/viewer.do?rcpNo=20190401004174&dcmNo=6613236&eleId=4&offset=162125&length=841990&dtd=dart3.xsd
한국단자공업(주),25540,18-Dec,한영회계법인,http://dart.fss.or.kr/report/viewer.do?rcpNo=20190329001399&dcmNo=6584914&eleId=4&offset=54341&length=274260&dtd=dart3.xsd
한국쉘석유(주),2960,18-Dec,한영회계법인,http://dart.fss.or.kr/report/viewer.do?rcpNo=20190401001204&dcmNo=6599829&eleId=4&offset=63758&length=249853&dtd=dart3.xsd
한국전력공사(주),15760,18-Dec,삼정회계법인,http://dart.fss.or.kr/report/viewer.do?rcpNo=20190401001643&dcmNo=6601751&eleId=4&offset=86435&length=1132699&dtd=dart3.xsd
한국전력기술(주),52690,18-Dec,삼정회계법인,http://dart.fss.or.kr/report/viewer.do?rcpNo=20190401002353&dcmNo=6605008&eleId=4&offset=87483&length=409485&dtd=dart3.xsd
한국콜마(주),161890,18-Dec,서현회계법인,http://dart.fss.or.kr/report/viewer.do?rcpNo=20190329003108&dcmNo=6590475&eleId=8&offset=91299&length=408302&dtd=dart3.xsd
한국타이어(주),161390,18-Dec,삼일회계법인,http://dart.fss.or.kr/report/viewer.do?rcpNo=20190401004884&dcmNo=6617295&eleId=4&offset=78498&length=506897&dtd=dart3.xsd
한국타이어월드와이드(주),240,18-Dec,삼일회계법인,http://dart.fss.or.kr/report/viewer.do?rcpNo=20190401005003&dcmNo=6617999&eleId=4&offset=68137&length=294990&dtd=dart3.xsd
한국투자금융지주(주),71050,18-Dec,삼정회계법인,http://dart.fss.or.kr/report/viewer.do?rcpNo=20190401003032&dcmNo=6607722&eleId=4&offset=58961&length=340850&dtd=dart3.xsd
한국항공우주산업(주),47810,18-Dec,한영회계법인,http://dart.fss.or.kr/report/viewer.do?rcpNo=20190401004416&dcmNo=6614630&eleId=4&offset=66121&length=407842&dtd=dart3.xsd
한미사이언스(주),8930,18-Dec,삼일회계법인,http://dart.fss.or.kr/report/viewer.do?rcpNo=20190329003955&dcmNo=6593687&eleId=4&offset=102329&length=277731&dtd=dart3.xsd
한미약품(주),128940,18-Dec,삼일회계법인,http://dart.fss.or.kr/report/viewer.do?rcpNo=20190329003969&dcmNo=6593749&eleId=4&offset=105891&length=416731&dtd=dart3.xsd
한세실업(주),105630,18-Dec,삼일회계법인,http://dart.fss.or.kr/report/viewer.do?rcpNo=20190329003830&dcmNo=6593191&eleId=4&offset=69720&length=304349&dtd=dart3.xsd
한온시스템(주),18880,18-Dec,삼일회계법인,http://dart.fss.or.kr/report/viewer.do?rcpNo=20190329003030&dcmNo=6590154&eleId=4&offset=75611&length=401334&dtd=dart3.xsd
한올바이오파마(주),9420,18-Dec,한영회계법인,http://dart.fss.or.kr/report/viewer.do?rcpNo=20190401002117&dcmNo=6603906&eleId=4&offset=70500&length=365458&dtd=dart3.xsd
한일홀딩스(주),3300,18-Dec,삼일회계법인,http://dart.fss.or.kr/report/viewer.do?rcpNo=20190401004764&dcmNo=6616633&eleId=4&offset=68439&length=381761&dtd=dart3.xsd
한전케이피에스(주),51600,18-Dec,삼정회계법인,http://dart.fss.or.kr/report/viewer.do?rcpNo=20190401003853&dcmNo=6611509&eleId=4&offset=72776&length=389392&dtd=dart3.xsd
한화생명보험(주),88350,18-Dec,삼일회계법인,http://dart.fss.or.kr/report/viewer.do?rcpNo=20190401005054&dcmNo=6618262&eleId=4&offset=77435&length=612475&dtd=dart3.xsd
한화에어로스페이스(주),12450,18-Dec,삼일회계법인,http://dart.fss.or.kr/report/viewer.do?rcpNo=20190329003444&dcmNo=6591767&eleId=4&offset=73606&length=453772&dtd=dart3.xsd
한화케미칼(주),9830,18-Dec,안진회계법인,http://dart.fss.or.kr/report/viewer.do?rcpNo=20190329004259&dcmNo=6594824&eleId=4&offset=69429&length=530039&dtd=dart3.xsd
현대건설(주),720,18-Dec,신한회계법인,http://dart.fss.or.kr/report/viewer.do?rcpNo=20190401004695&dcmNo=6616280&eleId=4&offset=85526&length=563070&dtd=dart3.xsd
현대글로비스(주),86280,18-Dec,한영회계법인,http://dart.fss.or.kr/report/viewer.do?rcpNo=20190401004298&dcmNo=6613935&eleId=4&offset=64127&length=388169&dtd=dart3.xsd
현대로템(주),64350,18-Dec,삼일회계법인,http://dart.fss.or.kr/report/viewer.do?rcpNo=20190401004553&dcmNo=6615465&eleId=4&offset=71602&length=445633&dtd=dart3.xsd
현대모비스(주),12330,18-Dec,삼정회계법인,http://dart.fss.or.kr/report/viewer.do?rcpNo=20190401004112&dcmNo=6612876&eleId=4&offset=69636&length=413946&dtd=dart3.xsd
현대엘리베이터(주),17800,18-Dec,삼일회계법인,http://dart.fss.or.kr/report/viewer.do?rcpNo=20190401004585&dcmNo=6615647&eleId=4&offset=67427&length=368364&dtd=dart3.xsd
현대위아(주),11210,18-Dec,한영회계법인,http://dart.fss.or.kr/report/viewer.do?rcpNo=20190401004312&dcmNo=6614006&eleId=4&offset=75482&length=462690&dtd=dart3.xsd
현대자동차(주),5380,18-Dec,안진회계법인,http://dart.fss.or.kr/report/viewer.do?rcpNo=20190401004132&dcmNo=6612981&eleId=4&offset=73072&length=485453&dtd=dart3.xsd
현대제철(주),4020,18-Dec,삼정회계법인,http://dart.fss.or.kr/report/viewer.do?rcpNo=20190401004415&dcmNo=6614621&eleId=4&offset=76732&length=380992&dtd=dart3.xsd
현대중공업(주),9540,18-Dec,삼정회계법인,http://dart.fss.or.kr/report/viewer.do?rcpNo=20190401004390&dcmNo=6614481&eleId=4&offset=87205&length=751996&dtd=dart3.xsd
현대중공업지주(주),267250,18-Dec,삼정회계법인,http://dart.fss.or.kr/report/viewer.do?rcpNo=20190401004497&dcmNo=6615133&eleId=4&offset=61195&length=388956&dtd=dart3.xsd
현대해상화재보험(주),1450,18-Dec,삼일회계법인,http://dart.fss.or.kr/report/viewer.do?rcpNo=20190401004720&dcmNo=6616426&eleId=4&offset=91787&length=629403&dtd=dart3.xsd
효성중공업(주),298040,18-Dec,삼덕회계법인,http://dart.fss.or.kr/report/viewer.do?rcpNo=20190325000699&dcmNo=6567574&eleId=4&offset=53794&length=336687&dtd=dart3.xsd
휴켐스(주),69260,18-Dec,삼정회계법인,http://dart.fss.or.kr/report/viewer.do?rcpNo=20190401002595&dcmNo=6606029&eleId=4&offset=88068&length=403061&dtd=dart3.xsd
